[
  {
    "username": "Anna",
    "gender": "female",
    "dateOfBirth": "1960-12-26",
    "password": "password",
    "nickName": "Anna",
    "createdDate": "2017-06-04",
    "introduction": "Sunt irure nulla ut quis voluptate esse magna. In do exercitation elit officia. Consectetur anim Lorem nisi pariatur ullamco aute in mollit.\r\n",
    "lookingFor": "Quis irure ipsum et laborum pariatur ex occaecat eiusmod sunt ut labore consectetur amet ut. Ea proident laborum commodo et nostrud ad veniam veniam cupidatat commodo et ut. Labore est excepteur ut ut officia deserunt id incididunt. Eu ullamco incididunt id minim quis ea magna reprehenderit excepteur reprehenderit velit. Aliqua consectetur fugiat commodo ex aute proident esse est voluptate adipisicing dolore aute.\r\n",
    "interests": "Qui sint consectetur aute pariatur amet elit ad laboris.",
    "city": "Tedrow",
    "country": "Oman",
    "Photos": [
      {
        "url": "https://randomuser.me/api/portraits/women/80.jpg",
        "isMain": true,
        "description": "Ullamco est do anim duis est labore."
      }
    ]
  },
  {
    "username": "Rebbeca",
    "gender": "female",
    "dateOfBirth": "1983-06-08",
    "password": "password",
    "nickName": "Shauna",
    "createdDate": "2017-03-16",
    "introduction": "Consequat consectetur id duis officia. Enim qui aute dolor pariatur pariatur ipsum anim nostrud dolore commodo laboris in. Aute irure cillum elit minim. Eu qui mollit non cupidatat in veniam culpa id non tempor in. Pariatur enim laborum quis deserunt velit amet amet.\r\n",
    "lookingFor": "Magna reprehenderit nisi veniam dolore cupidatat nisi officia id laborum laboris Lorem eu. Et qui incididunt quis excepteur deserunt labore nostrud occaecat cillum aute. Aute adipisicing non sint magna nostrud laborum veniam sunt amet elit cupidatat. Minim esse est et ut. Tempor anim labore fugiat amet. Incididunt do minim adipisicing ullamco cupidatat sit id consequat dolor sit commodo.\r\n",
    "interests": "Exercitation minim ex adipisicing nisi anim sit quis anim consectetur aute occaecat.",
    "city": "Takilma",
    "country": "Slovak Republic",
    "Photos": [
      {
        "url": "https://randomuser.me/api/portraits/women/59.jpg",
        "isMain": true,
        "description": "Culpa nostrud eiusmod ex sint proident commodo enim non dolor amet occaecat culpa aute velit."
      }
    ]
  },
  {
    "username": "Shana",
    "gender": "female",
    "dateOfBirth": "1997-06-15",
    "password": "password",
    "nickName": "Shana",
    "createdDate": "2017-01-25",
    "introduction": "Esse amet labore Lorem voluptate ullamco pariatur. Mollit reprehenderit eiusmod labore commodo et minim est consectetur. Eiusmod laboris laboris id consectetur sint cupidatat in anim id nisi nisi est. Sunt Lorem quis Lorem ut irure incididunt mollit ea labore et nulla. Sit adipisicing proident minim reprehenderit nulla fugiat veniam minim.\r\n",
    "lookingFor": "Pariatur voluptate ex deserunt amet. Qui et labore deserunt irure minim consequat anim adipisicing do cupidatat cillum laboris consectetur. Occaecat nostrud sint exercitation et magna nulla veniam ut laborum veniam. Ut culpa ipsum cillum pariatur adipisicing.\r\n",
    "interests": "Ea aliqua nostrud aliqua laboris dolor non.",
    "city": "Riegelwood",
    "country": "Kiribati",
    "Photos": [
      {
        "url": "https://randomuser.me/api/portraits/women/61.jpg",
        "isMain": true,
        "description": "Labore nisi sunt fugiat irure laborum mollit."
      }
    ]
  },
  {
    "username": "Maude",
    "gender": "female",
    "dateOfBirth": "1958-01-26",
    "password": "password",
    "nickName": "Maude",
    "createdDate": "2017-02-14",
    "introduction": "Labore dolore labore labore duis laboris incididunt est reprehenderit id eiusmod. Do irure do exercitation ipsum consequat veniam non ullamco tempor nostrud. In ex culpa Lorem velit ex tempor in officia quis quis adipisicing consequat ut. Nostrud irure nisi laborum sint nisi nulla voluptate sunt amet do velit tempor.\r\n",
    "lookingFor": "Consectetur voluptate mollit cillum occaecat laboris excepteur esse ad esse sit labore laborum ad ad. Cupidatat eiusmod consequat officia et. Duis amet eiusmod laboris incididunt magna proident culpa consequat sit velit laboris et minim. Do ex minim ut veniam anim cillum tempor sint incididunt veniam eu. Do ipsum dolore eiusmod mollit. Minim incididunt incididunt dolore irure irure reprehenderit. Tempor non est commodo culpa pariatur consequat ea ad incididunt ipsum.\r\n",
    "interests": "Duis quis ut sint irure sunt aute ea nostrud velit qui officia aliqua laboris.",
    "city": "Bakersville",
    "country": "Chad",
    "Photos": [
      {
        "url": "https://randomuser.me/api/portraits/women/79.jpg",
        "isMain": true,
        "description": "Ex consectetur adipisicing aliqua laborum minim eu dolor eiusmod magna in in."
      }
    ]
  },
  {
    "username": "Opal",
    "gender": "female",
    "dateOfBirth": "1989-02-17",
    "password": "password",
    "nickName": "Opal",
    "createdDate": "2017-04-20",
    "introduction": "Fugiat mollit ullamco Lorem qui. Non in deserunt anim do anim. Nisi ex non nisi ipsum veniam veniam pariatur anim laborum voluptate minim reprehenderit. Et ut ad est labore ad eu esse ad irure reprehenderit cillum aliqua qui tempor. Magna do et non ad pariatur aliquip quis commodo. Officia adipisicing ipsum ad elit veniam proident ea reprehenderit nisi officia eu do.\r\n",
    "lookingFor": "Irure proident irure ullamco nostrud in ut labore laborum velit consequat aliqua dolore aliqua. Aliquip ex deserunt aliqua non officia. Occaecat cupidatat elit eiusmod enim occaecat. Pariatur Lorem commodo in pariatur ex. Ex enim do id nulla excepteur.\r\n",
    "interests": "Aute est consectetur est duis officia tempor ut est enim dolore excepteur ea cillum minim.",
    "city": "Troy",
    "country": "Philippines",
    "Photos": [
      {
        "url": "https://randomuser.me/api/portraits/women/46.jpg",
        "isMain": true,
        "description": "Reprehenderit commodo laborum reprehenderit id enim est dolore ad ad ut enim."
      }
    ]
  },
  {
    "username": "Freda",
    "gender": "female",
    "dateOfBirth": "1980-03-12",
    "password": "password",
    "nickName": "Freda",
    "createdDate": "2017-02-13",
    "lastActive": "2017-02-13",
    "introduction": "Veniam ex id elit et id. Ullamco proident laborum irure fugiat laborum enim exercitation reprehenderit proident tempor dolor. Sit do consectetur amet tempor eu exercitation labore in reprehenderit laborum. Tempor velit laborum qui deserunt dolore proident amet laboris pariatur aliqua. Excepteur mollit elit esse ut laborum ad ut nisi anim. Reprehenderit amet id tempor adipisicing occaecat Lorem pariatur nisi non consequat id duis nisi. Pariatur non dolor magna cupidatat duis elit quis.\r\n",
    "lookingFor": "Eiusmod consequat nulla nulla cupidatat adipisicing commodo ullamco reprehenderit fugiat ad labore. Nulla commodo minim sint non consectetur deserunt do veniam aliqua amet consectetur et reprehenderit. Dolor dolor eu reprehenderit ex laborum magna adipisicing ad nisi laborum velit.\r\n",
    "interests": "Ullamco nulla laboris pariatur aute culpa laboris consequat adipisicing dolore.",
    "city": "Hamilton",
    "country": "Finland",
    "Photos": [
      {
        "url": "https://randomuser.me/api/portraits/women/47.jpg",
        "isMain": true,
        "description": "Ut dolore minim ipsum minim exercitation anim aliqua esse."
      }
    ]
  },
  {
    "username": "Nichole",
    "gender": "female",
    "dateOfBirth": "1968-03-10",
    "password": "password",
    "nickName": "Nichole",
    "createdDate": "2017-08-30",
    "lastActive": "2017-08-30",
    "introduction": "Ipsum consectetur dolor nisi mollit velit id do voluptate irure ea nostrud exercitation excepteur mollit. Duis sunt consectetur proident ullamco ipsum excepteur consequat do duis. Proident consequat ut laborum magna aliquip. Esse culpa tempor ullamco sunt officia officia ea occaecat elit occaecat mollit consectetur in exercitation. Laborum cillum ad laboris fugiat incididunt occaecat. Dolore laborum cillum quis esse adipisicing non Lorem eu.\r\n",
    "lookingFor": "Cupidatat cillum laborum labore esse cillum culpa irure quis ad eiusmod quis nulla. Dolor nulla deserunt laborum officia consectetur officia sunt labore quis labore consectetur aute. Qui irure labore dolore in irure consequat exercitation elit proident eiusmod fugiat do. In est irure commodo ad cillum ut id cillum sit cupidatat elit. Consectetur cillum exercitation voluptate aliqua proident adipisicing ex. Officia qui est eiusmod commodo aliqua et.\r\n",
    "interests": "Culpa consequat in id fugiat do quis magna culpa minim.",
    "city": "Idamay",
    "country": "Jamaica",
    "Photos": [
      {
        "url": "https://randomuser.me/api/portraits/women/38.jpg",
        "isMain": true,
        "description": "Adipisicing consequat consequat sit aute officia commodo officia esse dolore dolore anim consequat nisi excepteur."
      }
    ]
  },
  {
    "username": "Susie",
    "gender": "female",
    "dateOfBirth": "1972-05-21",
    "password": "password",
    "nickName": "Susie",
    "createdDate": "2017-12-03",
    "lastActive": "2017-12-03",
    "introduction": "Officia ex adipisicing laboris commodo. Ullamco culpa laborum tempor consectetur adipisicing adipisicing et aliqua reprehenderit aliquip Lorem eu elit. In reprehenderit occaecat consequat excepteur fugiat nostrud. Sit commodo minim id pariatur aute labore irure quis Lorem aliqua in aute do et. Veniam nulla pariatur officia esse commodo enim labore veniam irure do.\r\n",
    "lookingFor": "Pariatur consequat enim ad ex fugiat ex aliquip anim quis sit laborum ex. Anim ex ut enim velit minim enim labore et veniam ea voluptate. Ad amet dolore et laborum ad cillum id ad non sint do non non nisi. Excepteur labore labore ea ut aliqua qui magna nulla.\r\n",
    "interests": "Nulla incididunt excepteur aute nostrud commodo aute anim consectetur sit consequat quis.",
    "city": "Starks",
    "country": "Greenland",
    "Photos": [
      {
        "url": "https://randomuser.me/api/portraits/women/65.jpg",
        "isMain": true,
        "description": "Esse aliquip enim nisi culpa sunt."
      }
    ]
  },
  {
    "username": "Annmarie",
    "gender": "female",
    "dateOfBirth": "1970-02-25",
    "password": "password",
    "nickName": "Annmarie",
    "createdDate": "2017-07-17",
    "lastActive": "2017-07-17",
    "introduction": "Enim eiusmod esse magna aliquip occaecat. Non ea quis cillum aliquip reprehenderit aute proident officia do nulla voluptate duis. Deserunt ullamco quis qui cillum consequat esse sunt in dolore nulla sit officia voluptate. Tempor pariatur exercitation pariatur reprehenderit. Incididunt nulla magna exercitation officia enim veniam adipisicing laboris proident nisi id Lorem.\r\n",
    "lookingFor": "Ex ex voluptate minim Lorem. Aliqua id sit quis velit laboris. Tempor duis ad enim est reprehenderit labore tempor cupidatat ut irure consequat ullamco et. Do cupidatat et qui excepteur duis sunt enim duis cupidatat. Cillum elit adipisicing quis elit Lorem ullamco officia officia mollit ad ad. Consectetur ex elit duis consequat nostrud est laborum enim anim.\r\n",
    "interests": "In dolor ex laboris ad sint.",
    "city": "Sutton",
    "country": "Bouvet Island",
    "Photos": [
      {
        "url": "https://randomuser.me/api/portraits/women/74.jpg",
        "isMain": true,
        "description": "Veniam velit amet tempor laboris reprehenderit deserunt quis do veniam."
      }
    ]
  },
  {
    "username": "Lloyd",
    "gender": "male",
    "dateOfBirth": "1957-03-07",
    "password": "password",
    "nickName": "Lloyd",
    "createdDate": "2017-08-22",
    "lastActive": "2017-08-22",
    "introduction": "Nostrud reprehenderit mollit magna incididunt nulla mollit ad do ullamco ipsum reprehenderit consequat minim. Nisi id est et consequat reprehenderit tempor fugiat aliquip mollit aute consectetur culpa. Ut amet aliqua minim magna. Velit dolore consectetur culpa ea magna nisi eu sit velit.\r\n",
    "lookingFor": "Aliquip nulla consequat dolor anim aute pariatur pariatur. Irure sit officia duis consequat nisi elit veniam tempor ullamco laboris. Veniam et exercitation ullamco magna consequat proident pariatur sint aliqua. Minim cillum dolore laborum elit occaecat enim id enim. Aute irure qui non esse cillum duis magna cillum proident elit veniam aute consectetur exercitation.\r\n",
    "interests": "Velit aute elit elit pariatur amet adipisicing sint eiusmod sunt eu ex voluptate ad.",
    "city": "Loma",
    "country": "Paraguay",
    "Photos": [
      {
        "url": "https://randomuser.me/api/portraits/men/4.jpg",
        "isMain": true,
        "description": "Cupidatat veniam ea magna cillum velit minim non minim tempor ipsum excepteur."
      }
    ]
  },
  {
    "username": "Rivers",
    "gender": "male",
    "dateOfBirth": "1952-12-16",
    "password": "password",
    "nickName": "Rivers",
    "createdDate": "2017-04-16",
    "lastActive": "2017-04-16",
    "introduction": "Anim incididunt eu eiusmod ut excepteur esse quis deserunt adipisicing enim ut culpa. Eiusmod dolor proident dolor pariatur enim do. Duis dolor cupidatat aute minim consectetur voluptate esse labore.\r\n",
    "lookingFor": "Deserunt amet ad duis anim non velit. Occaecat adipisicing consectetur aute commodo cillum aliquip magna laborum irure eu. Velit aliquip incididunt pariatur fugiat amet eiusmod consequat Lorem et ipsum Lorem amet.\r\n",
    "interests": "Exercitation sit ut labore esse culpa sit.",
    "city": "Rockbridge",
    "country": "Taiwan",
    "Photos": [
      {
        "url": "https://randomuser.me/api/portraits/men/23.jpg",
        "isMain": true,
        "description": "Duis esse irure nulla ullamco est id consequat Lorem."
      }
    ]
  },
  {
    "username": "Boyer",
    "gender": "male",
    "dateOfBirth": "1974-12-02",
    "password": "password",
    "nickName": "Boyer",
    "createdDate": "2017-09-17",
    "lastActive": "2017-09-17",
    "introduction": "In ex in incididunt esse aute sit ex anim dolore laborum nisi id ea. Consequat incididunt aute eiusmod amet ut. Esse ullamco qui anim sit adipisicing ea consectetur adipisicing sunt est duis. Esse Lorem mollit est aute quis aliquip exercitation labore voluptate. Id aute elit est Lorem.\r\n",
    "lookingFor": "Ipsum sint esse do amet minim ipsum id non nulla nostrud eiusmod deserunt. Magna Lorem deserunt aliqua aliquip aliquip tempor culpa nulla occaecat pariatur. Voluptate minim commodo sint ad commodo nostrud. Ullamco fugiat occaecat sint laboris sunt aliqua fugiat in enim. Exercitation excepteur aliqua commodo fugiat proident mollit.\r\n",
    "interests": "Est laborum quis ullamco nulla cupidatat anim enim aliqua et veniam et consectetur dolore ea.",
    "city": "Katonah",
    "country": "Georgia",
    "Photos": [
      {
        "url": "https://randomuser.me/api/portraits/men/36.jpg",
        "isMain": true,
        "description": "Sint aliqua ut culpa ipsum deserunt elit anim voluptate fugiat."
      }
    ]
  },
  {
    "username": "Johnson",
    "gender": "male",
    "dateOfBirth": "1957-07-17",
    "password": "password",
    "nickName": "Johnson",
    "createdDate": "2017-06-28",
    "lastActive": "2017-06-28",
    "introduction": "Occaecat veniam quis culpa minim ullamco sunt sint veniam elit ad magna. Sit est quis duis commodo tempor mollit duis incididunt sint. Incididunt exercitation fugiat elit Lorem culpa elit.\r\n",
    "lookingFor": "Anim consequat ut nostrud veniam ea ipsum duis ea nisi ullamco quis. Anim anim elit duis commodo occaecat quis quis esse. Excepteur occaecat ipsum mollit mollit amet velit occaecat fugiat nostrud. Proident anim sunt officia ex elit ea culpa est ut officia adipisicing quis. Nulla non cupidatat commodo ullamco amet voluptate elit consectetur.\r\n",
    "interests": "Sunt quis laboris culpa est mollit nulla aliquip dolor labore non.",
    "city": "Barronett",
    "country": "Botswana",
    "Photos": [
      {
        "url": "https://randomuser.me/api/portraits/men/52.jpg",
        "isMain": true,
        "description": "Laboris magna mollit consequat deserunt consectetur culpa commodo anim est ea sunt."
      }
    ]
  },
  {
    "username": "Fisher",
    "gender": "male",
    "dateOfBirth": "1990-04-02",
    "password": "password",
    "nickName": "Fisher",
    "createdDate": "2017-10-15",
    "lastActive": "2017-10-15",
    "introduction": "Ex sit do magna amet dolor aliquip veniam qui cillum fugiat dolore. Reprehenderit et non ipsum id non aute enim exercitation fugiat dolor fugiat eiusmod. Culpa consectetur sunt sit labore. Veniam ullamco ut cillum sit labore cupidatat consectetur dolor Lorem. Nisi nulla commodo minim aliquip aliqua anim eu eiusmod ex et nulla est ullamco. Et enim consequat fugiat consequat id id deserunt veniam aliqua nostrud nostrud.\r\n",
    "lookingFor": "Pariatur qui nostrud eu excepteur aliquip aliquip non. Ipsum eu commodo cillum minim labore elit sint velit laboris mollit fugiat minim tempor. Consequat ex consequat sunt officia. Anim exercitation do dolore ut do excepteur eu duis ut voluptate dolor eiusmod aute. Amet veniam ad in mollit duis magna esse eu amet nulla elit non elit ea. Officia excepteur et commodo cupidatat amet non aliqua laborum consectetur nisi nostrud anim adipisicing. Sint non duis ex amet voluptate ex.\r\n",
    "interests": "Ullamco sint deserunt enim dolor cupidatat mollit.",
    "city": "Bennett",
    "country": "Dominican Republic",
    "Photos": [
      {
        "url": "https://randomuser.me/api/portraits/men/44.jpg",
        "isMain": true,
        "description": "Culpa commodo proident do dolor cillum pariatur eiusmod cillum reprehenderit do Lorem nulla do."
      }
    ]
  },
  {
    "username": "Lola",
    "gender": "female",
    "dateOfBirth": "1994-02-21",
    "password": "password",
    "nickName": "Lola",
    "createdDate": "2017-08-02",
    "lastActive": "2017-08-02",
    "introduction": "Nulla excepteur sit anim ex do qui laboris officia eiusmod ut incididunt. Enim occaecat sint dolor esse et enim. Ad cupidatat exercitation ea id eiusmod nostrud amet Lorem sint. Laboris cupidatat aute dolor ad eu tempor elit ea tempor quis et. Lorem eiusmod commodo cillum id aute nisi fugiat. Aute laborum tempor ullamco elit exercitation veniam commodo elit dolor.\r\n",
    "lookingFor": "Non do nostrud voluptate cupidatat et proident enim labore voluptate incididunt labore. Incididunt consectetur dolor proident nulla tempor et ipsum anim duis aute commodo duis. Est ullamco fugiat velit exercitation sunt enim duis nisi laborum culpa. Magna reprehenderit excepteur commodo nisi ullamco pariatur laboris. Ullamco fugiat eiusmod veniam duis elit. Cupidatat non occaecat consectetur sunt qui anim. In commodo in deserunt et veniam ad nulla.\r\n",
    "interests": "Dolore nisi eiusmod ut irure ullamco nulla dolore est sit tempor quis.",
    "city": "Efland",
    "country": "Burundi",
    "Photos": [
      {
        "url": "https://randomuser.me/api/portraits/women/3.jpg",
        "isMain": true,
        "description": "Non deserunt labore sunt ex laboris et adipisicing ullamco officia minim."
      }
    ]
  },
  {
    "username": "Dorothy",
    "gender": "female",
    "dateOfBirth": "1979-04-19",
    "password": "password",
    "nickName": "Dorothy",
    "createdDate": "2017-01-21",
    "lastActive": "2017-01-21",
    "introduction": "Consequat mollit velit aliquip in nostrud ad esse Lorem ea qui do et. Reprehenderit occaecat consectetur ad in laborum labore id. Esse ea duis eu non duis cillum magna reprehenderit deserunt. Tempor aute qui veniam non consequat do ea ipsum tempor ea deserunt consectetur. Laboris ipsum laboris ipsum sit Lorem magna nulla et. Nulla minim nisi minim fugiat. Exercitation veniam nostrud id exercitation adipisicing commodo.\r\n",
    "lookingFor": "Id exercitation magna ut proident quis nulla consectetur esse cupidatat quis. Deserunt culpa cupidatat ipsum in quis ut veniam. Anim ut quis ipsum consectetur duis laboris mollit incididunt aliqua. Veniam ullamco consequat non irure sunt aute minim incididunt. Aliquip minim pariatur pariatur fugiat culpa quis.\r\n",
    "interests": "Nisi eu amet et tempor eu magna.",
    "city": "Deseret",
    "country": "Mongolia",
    "Photos": [
      {
        "url": "https://randomuser.me/api/portraits/women/49.jpg",
        "isMain": true,
        "description": "Elit culpa eu excepteur ut elit tempor nulla duis dolore."
      }
    ]
  },
  {
    "username": "Ashley",
    "gender": "female",
    "dateOfBirth": "1953-03-01",
    "password": "password",
    "nickName": "Ashley",
    "createdDate": "2017-03-25",
    "lastActive": "2017-03-25",
    "introduction": "Eiusmod dolore consectetur nisi laborum id duis occaecat dolor cupidatat excepteur eu aliquip. Nulla non ipsum in id eu consequat sint do non tempor aute incididunt do duis. Nostrud veniam ea in do aliqua mollit sit magna qui.\r\n",
    "lookingFor": "Voluptate sunt culpa sint cillum. Adipisicing quis id esse non laboris labore nulla. Ullamco excepteur eiusmod veniam enim quis fugiat voluptate voluptate qui deserunt veniam magna cupidatat irure.\r\n",
    "interests": "Cillum duis veniam quis eu enim consequat reprehenderit occaecat pariatur minim ipsum.",
    "city": "Bayview",
    "country": "Zambia",
    "Photos": [
      {
        "url": "https://randomuser.me/api/portraits/women/33.jpg",
        "isMain": true,
        "description": "Ipsum enim cillum ad nisi consequat cillum ipsum ullamco tempor."
      }
    ]
  },
  {
    "username": "Roy",
    "gender": "male",
    "dateOfBirth": "1993-08-21",
    "password": "password",
    "nickName": "Roy",
    "createdDate": "2017-08-03",
    "lastActive": "2017-08-03",
    "introduction": "Cillum exercitation exercitation duis aliqua minim velit veniam. Veniam id exercitation excepteur dolore voluptate esse. Elit eiusmod voluptate ullamco fugiat sit cillum deserunt et.\r\n",
    "lookingFor": "Quis qui est eu laboris cupidatat deserunt veniam labore velit labore sit reprehenderit occaecat voluptate. Lorem esse elit magna id pariatur ullamco tempor. Consequat dolor laborum pariatur eu. Veniam ut quis proident deserunt nostrud veniam consequat dolore magna cupidatat. Labore sit pariatur sint culpa fugiat irure anim sint officia ut ex irure excepteur pariatur. Duis non eu irure sint voluptate aliquip aute laborum duis et. Consectetur proident ut incididunt incididunt ad ex nulla dolore consequat.\r\n",
    "interests": "Lorem aute Lorem voluptate mollit.",
    "city": "Davenport",
    "country": "Tuvalu",
    "Photos": [
      {
        "url": "https://randomuser.me/api/portraits/men/90.jpg",
        "isMain": true,
        "description": "Irure cupidatat magna aute et dolore aliquip reprehenderit dolor irure."
      }
    ]
  },
  {
    "username": "Duke",
    "gender": "male",
    "dateOfBirth": "1996-09-07",
    "password": "password",
    "nickName": "Duke",
    "createdDate": "2017-07-07",
    "lastActive": "2017-07-07",
    "introduction": "Dolor voluptate enim laborum duis proident commodo sit. Sint cupidatat Lorem ullamco dolor qui proident. Consectetur fugiat ut ipsum ullamco ut magna minim consectetur consectetur. Quis labore nostrud minim dolor.\r\n",
    "lookingFor": "Ullamco voluptate tempor officia eu ipsum reprehenderit proident do nostrud. Aliquip aliqua sunt labore labore irure ut fugiat laborum voluptate. Proident do dolor cupidatat dolor dolore fugiat. Incididunt do aliquip consectetur commodo ex aute ad id dolor in laboris. Ullamco ea commodo veniam voluptate. Laborum velit nostrud dolor reprehenderit id incididunt.\r\n",
    "interests": "Reprehenderit fugiat Lorem consectetur fugiat minim nulla magna commodo anim esse eu consectetur.",
    "city": "Inkerman",
    "country": "Canada",
    "Photos": [
      {
        "url": "https://randomuser.me/api/portraits/men/96.jpg",
        "isMain": true,
        "description": "Magna duis consectetur sit ut commodo non eiusmod."
      }
    ]
  },
  {
    "username": "Larsen",
    "gender": "male",
    "dateOfBirth": "1969-08-15",
    "password": "password",
    "nickName": "Larsen",
    "createdDate": "2017-02-17",
    "lastActive": "2017-02-17",
    "introduction": "Mollit cillum ex eiusmod magna et dolor sit duis velit pariatur enim anim occaecat. Excepteur excepteur ut dolor nisi consequat mollit quis. Nisi irure quis et id amet aliqua.\r\n",
    "lookingFor": "Proident ex in pariatur veniam veniam dolore. Lorem mollit do magna ad incididunt consequat. Excepteur adipisicing nisi est est in pariatur labore eiusmod sunt velit est ad et velit.\r\n",
    "interests": "In non sint ea do veniam sunt duis quis mollit.",
    "city": "Bynum",
    "country": "Pakistan",
    "Photos": [
      {
        "url": "https://randomuser.me/api/portraits/men/76.jpg",
        "isMain": true,
        "description": "Amet officia enim pariatur mollit tempor in ut."
      }
    ]
  },
  {
    "username": "Briggs",
    "gender": "male",
    "dateOfBirth": "1999-01-30",
    "password": "password",
    "nickName": "Briggs",
    "createdDate": "2017-07-13",
    "introduction": "Eiusmod adipisicing qui eu ad ea nulla duis magna tempor. Eiusmod ipsum labore ullamco fugiat pariatur culpa excepteur consectetur. Tempor sint reprehenderit qui incididunt id ad nostrud fugiat quis eiusmod.\r\n",
    "lookingFor": "Excepteur aute Lorem adipisicing laborum ipsum aliquip do. Minim irure aliquip ad deserunt. Enim velit culpa officia sunt elit. Velit cupidatat laborum ad magna commodo voluptate mollit sint duis occaecat. Sint ex ex commodo proident adipisicing proident adipisicing minim. Aliqua duis sunt amet cillum sit eiusmod commodo. Veniam labore pariatur laboris qui in do elit irure ad do aliquip ex deserunt voluptate.\r\n",
    "interests": "Exercitation esse cillum irure laboris dolor incididunt mollit eiusmod ut nostrud mollit.",
    "city": "Corinne",
    "country": "Anguilla",
    "Photos": [
      {
        "url": "https://randomuser.me/api/portraits/men/7.jpg",
        "isMain": true,
        "description": "Dolore occaecat amet dolor nostrud esse ea pariatur commodo tempor elit ad deserunt exercitation."
      }
    ]
  },
  {
    "username": "Horton",
    "gender": "male",
    "dateOfBirth": "1995-02-15",
    "password": "password",
    "nickName": "Horton",
    "createdDate": "2017-03-21",
    "introduction": "Quis do deserunt Lorem nostrud eu excepteur tempor aliqua exercitation aute. Voluptate velit in cillum cillum ex ea ad veniam minim. Cupidatat consequat sunt pariatur reprehenderit Lorem laboris do sunt reprehenderit tempor. Irure qui labore minim reprehenderit excepteur non laborum culpa ipsum laboris et. Esse cupidatat ipsum et sunt incididunt laboris consequat reprehenderit esse sint. Aute ut labore qui non. In minim dolor sint ea qui elit aliquip anim occaecat non Lorem.\r\n",
    "lookingFor": "Nisi sunt do sint mollit dolore ipsum ad adipisicing veniam sint nostrud anim sunt. Fugiat aute aliqua fugiat magna consequat amet non quis laboris dolor. Eiusmod voluptate ex nulla deserunt id commodo sint tempor sit enim aliqua non. Nostrud quis voluptate commodo nostrud Lorem excepteur ea magna deserunt qui excepteur. Fugiat aliquip sunt tempor velit labore qui tempor dolore. Sit ea qui non dolor aliqua ad veniam consectetur aliquip magna duis nostrud exercitation. Consequat minim adipisicing cillum eiusmod amet reprehenderit pariatur minim.\r\n",
    "interests": "Magna Lorem magna ut ex nisi sit duis laborum occaecat tempor.",
    "city": "Cherokee",
    "country": "Gabon",
    "Photos": [
      {
        "url": "https://randomuser.me/api/portraits/men/79.jpg",
        "isMain": true,
        "description": "Aute veniam laboris est dolore tempor."
      }
    ]
  },
  {
    "username": "Dodson",
    "gender": "male",
    "dateOfBirth": "1985-04-03",
    "password": "password",
    "nickName": "Dodson",
    "createdDate": "2017-06-15",
    "introduction": "Et ullamco fugiat ullamco deserunt labore dolor dolore voluptate commodo ad voluptate incididunt excepteur. Ipsum commodo culpa adipisicing minim ipsum excepteur. Duis esse non et id adipisicing et in. Lorem sint Lorem quis proident excepteur duis. Cillum cillum enim velit duis dolor elit occaecat pariatur anim. Cupidatat exercitation eu nostrud ullamco enim officia do incididunt aliqua sint irure commodo. Consectetur exercitation laboris cupidatat duis.\r\n",
    "lookingFor": "Officia aliquip consectetur consectetur adipisicing nulla tempor dolor ea amet adipisicing. Laborum adipisicing Lorem nulla voluptate occaecat cillum cillum aute eu. Exercitation sit est sunt officia do sit non duis. Reprehenderit et duis pariatur veniam do exercitation exercitation do.\r\n",
    "interests": "Cillum ipsum voluptate id in nostrud labore tempor.",
    "city": "Gulf",
    "country": "Taiwan",
    "Photos": [
      {
        "url": "https://randomuser.me/api/portraits/men/71.jpg",
        "isMain": true,
        "description": "Lorem aliquip culpa deserunt dolore aliquip incididunt nostrud eiusmod irure adipisicing dolor aliqua."
      }
    ]
  },
  {
    "username": "Simon",
    "gender": "male",
    "dateOfBirth": "1984-02-19",
    "password": "password",
    "nickName": "Simon",
    "createdDate": "2017-06-27",
    "lastActive": "2017-06-27",
    "introduction": "Aliqua nisi labore tempor adipisicing. Lorem in ut enim quis dolor magna commodo nisi ad voluptate et excepteur aliqua. Ea nostrud velit laborum sit nisi cillum proident nisi.\r\n",
    "lookingFor": "Irure sunt fugiat labore ullamco. Quis mollit ut sint eu. Amet id sunt est ullamco aliquip exercitation commodo qui commodo. Pariatur ullamco dolore et mollit minim officia ex minim dolore magna cupidatat exercitation laboris eu.\r\n",
    "interests": "Sit ea id excepteur adipisicing ea excepteur sint ex et amet commodo do voluptate esse.",
    "city": "Cavalero",
    "country": "Viet Nam",
    "Photos": [
      {
        "url": "https://randomuser.me/api/portraits/men/14.jpg",
        "isMain": true,
        "description": "Nulla nisi tempor sint cillum aliqua esse aute."
      }
    ]
  }
]